<?xml version="1.0" encoding="UTF-8"?>
<beans xmlns="http://www.springframework.org/schema/beans" xmlns:xsi="http://www.w3.org/2001/XMLSchema-instance"
    xmlns:jaxrs="http://cxf.apache.org/jaxrs"
    xsi:schemaLocation="
		http://www.springframework.org/schema/beans
		http://www.springframework.org/schema/beans/spring-beans.xsd
		http://cxf.apache.org/jaxrs
		http://cxf.apache.org/schemas/jaxrs.xsd"
    default-lazy-init="false">

    <import resource="classpath:META-INF/cxf/cxf.xml" />
    <import resource="classpath:META-INF/cxf/cxf-extension-jaxrs-binding.xml" />
    <import resource="classpath:META-INF/cxf/cxf-servlet.xml" />

    <jaxrs:server id="userService" address="/">
        <jaxrs:serviceBeans>
            <ref bean="userServiceImpl" />
        </jaxrs:serviceBeans>
        <jaxrs:extensionMappings>
            <entry key="json" value="application/json" />
            <entry key="xml" value="application/xml" />
        </jaxrs:extensionMappings>
    </jaxrs:server>

    <bean id="userServiceImpl" class="service.impl.UserServiceImpl" />

</beans>